model_a,model_b,alpha,dm_stat,p_value,mean_diff,n_obs,nw_lags
static_vine,gas_vine,0.01,1.0641729307187557,0.2872503672706852,2.1567891371164494e-06,4327,16
static_vine,gas_vine,0.05,-0.03566095127629026,0.971552707100924,-9.267239445883482e-08,4327,16
