model_a,model_b,alpha,dm_stat,p_value,mean_diff,n_obs,nw_lags
static_vine,gas_vine,0.01,0.5541950411240301,0.5794453716890122,1.043228610161686e-06,4327,16
static_vine,gas_vine,0.05,1.129075335364521,0.2588660550081401,2.817585294555223e-06,4327,16
