model_a,model_b,alpha,dm_stat,p_value,mean_diff,n_obs,nw_lags
static_vine,gas_vine,0.01,-0.7482581961451186,0.4543044344128724,-1.9907856586012866e-06,4327,16
static_vine,gas_vine,0.05,1.6850560506486094,0.09197775790050455,3.493607896257634e-06,4327,16
