model_a,model_b,alpha,dm_stat,p_value,mean_diff,n_obs,nw_lags
static_vine,gas_vine,0.01,-0.11976134654094937,0.9046722024893479,-3.240336925270086e-07,4327,16
static_vine,gas_vine,0.05,0.36658155204921905,0.7139311709929028,1.1669164538037274e-06,4327,16
