{
  "seed": 42,
  "train_days": 1000,
  "oos_days": 4327,
  "n_assets": 5,
  "assets": [
    "AGG",
    "EEM",
    "EFA",
    "GLD",
    "IEF"
  ],
  "alphas": [
    0.01,
    0.05
  ],
  "n_sim": 1000,
  "methods": {
    "hs": {
      "0.01": {
        "method": "hs",
        "alpha": 0.01,
        "n_obs": 4327,
        "n_breaches": 53,
        "hit_rate": 0.012248671134735382,
        "expected_rate": 0.01,
        "kupiec_stat": 2.0623474153263714,
        "kupiec_pval": 0.15097743386456064,
        "chris_stat": 17.121392451884162,
        "chris_pval": 3.5065114603161085e-05,
        "es_shortfall_ratio": 1.1692781909483343,
        "pinball_loss": 0.000237738839359154
      },
      "0.05": {
        "method": "hs",
        "alpha": 0.05,
        "n_obs": 4327,
        "n_breaches": 220,
        "hit_rate": 0.05084354055927895,
        "expected_rate": 0.05,
        "kupiec_stat": 0.064476991154379,
        "kupiec_pval": 0.7995548915867833,
        "chris_stat": 2.9357017983356855,
        "chris_pval": 0.0866410022154227,
        "es_shortfall_ratio": 1.0043531410699436,
        "pinball_loss": 0.0007033534549560524
      }
    },
    "ewma": {
      "0.01": {
        "method": "ewma",
        "alpha": 0.01,
        "n_obs": 4327,
        "n_breaches": 73,
        "hit_rate": 0.016870811185578923,
        "expected_rate": 0.01,
        "kupiec_stat": 17.10479502499686,
        "kupiec_pval": 3.537288502564184e-05,
        "chris_stat": 10.116108240140647,
        "chris_pval": 0.0014697902710896216,
        "es_shortfall_ratio": 1.188151860896485,
        "pinball_loss": 0.00020971574261366608
      },
      "0.05": {
        "method": "ewma",
        "alpha": 0.05,
        "n_obs": 4327,
        "n_breaches": 206,
        "hit_rate": 0.04760804252368847,
        "expected_rate": 0.05,
        "kupiec_stat": 0.5292631761233224,
        "kupiec_pval": 0.4669168003315316,
        "chris_stat": 9.2180861157467,
        "chris_pval": 0.002396359231630951,
        "es_shortfall_ratio": 1.1356460177304415,
        "pinball_loss": 0.0006654717934118724
      }
    },
    "dcc": {
      "0.01": {
        "method": "dcc",
        "alpha": 0.01,
        "n_obs": 4327,
        "n_breaches": 62,
        "hit_rate": 0.014328634157614976,
        "expected_rate": 0.01,
        "kupiec_stat": 7.221692899227946,
        "kupiec_pval": 0.007202774657064537,
        "chris_stat": 9.622915476771482,
        "chris_pval": 0.0019216443366499858,
        "es_shortfall_ratio": 1.100995069505461,
        "pinball_loss": 0.00019389673209865114
      },
      "0.05": {
        "method": "dcc",
        "alpha": 0.05,
        "n_obs": 4327,
        "n_breaches": 180,
        "hit_rate": 0.041599260457591866,
        "expected_rate": 0.05,
        "kupiec_stat": 6.801873827590498,
        "kupiec_pval": 0.00910622521029103,
        "chris_stat": 3.679975267097234,
        "chris_pval": 0.05506966700935367,
        "es_shortfall_ratio": 1.0850090631945912,
        "pinball_loss": 0.0006540160301393696
      }
    },
    "static_vine": {
      "0.01": {
        "method": "static_vine",
        "alpha": 0.01,
        "n_obs": 4327,
        "n_breaches": 48,
        "hit_rate": 0.011093136122024498,
        "expected_rate": 0.01,
        "kupiec_stat": 0.5044045252457181,
        "kupiec_pval": 0.47757117879652433,
        "chris_stat": 5.699362629954521,
        "chris_pval": 0.01697107473600734,
        "es_shortfall_ratio": 1.0404846323821668,
        "pinball_loss": 0.00019263568304209443
      },
      "0.05": {
        "method": "static_vine",
        "alpha": 0.05,
        "n_obs": 4327,
        "n_breaches": 197,
        "hit_rate": 0.04552807950080887,
        "expected_rate": 0.05,
        "kupiec_stat": 1.8756106270029704,
        "kupiec_pval": 0.1708338683722228,
        "chris_stat": 2.681422414512781,
        "chris_pval": 0.1015250084858419,
        "es_shortfall_ratio": 1.0182174972433153,
        "pinball_loss": 0.0006582997530040427
      }
    },
    "gas_vine": {
      "0.01": {
        "method": "gas_vine",
        "alpha": 0.01,
        "n_obs": 4327,
        "n_breaches": 56,
        "hit_rate": 0.012941992142361913,
        "expected_rate": 0.01,
        "kupiec_stat": 3.4617866752661257,
        "kupiec_pval": 0.06280241987542645,
        "chris_stat": 1.5688810985689088,
        "chris_pval": 0.2103695797381342,
        "es_shortfall_ratio": 1.0434577529438531,
        "pinball_loss": 0.00019082244444458527
      },
      "0.05": {
        "method": "gas_vine",
        "alpha": 0.05,
        "n_obs": 4327,
        "n_breaches": 226,
        "hit_rate": 0.052230182574532005,
        "expected_rate": 0.05,
        "kupiec_stat": 0.44683644368365094,
        "kupiec_pval": 0.503841117978262,
        "chris_stat": 4.1946313180565085,
        "chris_pval": 0.040552170068431925,
        "es_shortfall_ratio": 1.0133926765940307,
        "pinball_loss": 0.0006507001794291228
      }
    }
  }
}