{
  "passed": true,
  "checks": [
    {
      "method": "static_vine",
      "alpha": 0.01,
      "vine_median_var": -0.013105580907014873,
      "hs_median_var": -0.013185235335625156,
      "ratio": 0.9939588163136486,
      "threshold": 2.0,
      "passed": true
    },
    {
      "method": "gas_vine",
      "alpha": 0.01,
      "vine_median_var": -0.01239013241860628,
      "hs_median_var": -0.013185235335625156,
      "ratio": 0.9396974800388591,
      "threshold": 2.0,
      "passed": true
    }
  ]
}