{
  "passed": true,
  "checks": [
    {
      "method": "static_vine",
      "alpha": 0.01,
      "vine_median_var": -0.013140201837029884,
      "hs_median_var": -0.013185235335625156,
      "ratio": 0.9965845510186991,
      "threshold": 2.0,
      "passed": true
    },
    {
      "method": "gas_vine",
      "alpha": 0.01,
      "vine_median_var": -0.012401618075136981,
      "hs_median_var": -0.013185235335625156,
      "ratio": 0.9405685798894373,
      "threshold": 2.0,
      "passed": true
    }
  ]
}