{
  "passed": true,
  "checks": [
    {
      "method": "static_vine",
      "alpha": 0.01,
      "vine_median_var": -0.01310132058387971,
      "hs_median_var": -0.013185235335625156,
      "ratio": 0.9936357031475413,
      "threshold": 2.0,
      "passed": true
    },
    {
      "method": "gas_vine",
      "alpha": 0.01,
      "vine_median_var": -0.01245547150733403,
      "hs_median_var": -0.013185235335625156,
      "ratio": 0.9446529538749013,
      "threshold": 2.0,
      "passed": true
    }
  ]
}