model,config_id,n_sim,nu_fixed,alpha,hit_rate,kupiec_p,christoffersen_p,es_shortfall_ratio,pinball_loss,n_oos
gas,1,500,100,0.01,0.014328634157614976,0.007202774657064537,0.07246475261353413,1.0575315912878385,0.0001953373109005768,4327
gas,1,500,100,0.05,0.05199907557198983,0.5487641087816373,0.20685959755937722,1.030922253639345,0.0006553457721887509,4327
