model,config_id,n_sim,nu_fixed,alpha,hit_rate,kupiec_p,christoffersen_p,es_shortfall_ratio,pinball_loss,n_oos
gas,1,500,100,0.01,0.014328634157614976,0.007202774657064537,0.013236613860309387,1.0313299198796115,0.00019245623667766204,4327
gas,1,500,100,0.05,0.05153686156690548,0.6443454994536808,0.10749144889918527,1.0361631121815,0.0006556018393228221,4327
