model,config_id,n_sim,nu_fixed,alpha,hit_rate,kupiec_p,christoffersen_p,es_shortfall_ratio,pinball_loss,n_oos
gas,1,500,100,0.01,0.011324243124566674,0.3912605518798894,0.12729226126853543,1.0648437907359134,0.00019625294850886865,4327
gas,1,500,100,0.05,0.0452969724982667,0.14946353353779152,0.17300983547059012,1.012397437821294,0.0006558330911572508,4327
