model,config_id,n_sim,nu_fixed,alpha,hit_rate,kupiec_p,christoffersen_p,es_shortfall_ratio,pinball_loss,n_oos
gas,1,500,100,0.01,0.01086202911948232,0.5740667709598466,0.108272253902991,1.0390760230787917,0.00019267829867877732,4327
gas,1,500,100,0.05,0.046452507510977584,0.27877743399771626,0.23314265002180357,1.0053876736271066,0.0006570077096065368,4327
