model_a,model_b,alpha,dm_stat,p_value,mean_diff,n_obs,nw_lags
static_vine,gas_vine,0.01,-0.9958710324558707,0.31931281159468305,-2.4025591366917694e-06,4327,16
static_vine,gas_vine,0.05,1.4076698163129089,0.15922886350290733,3.933019381618873e-06,4327,16
