model_a,model_b,alpha,dm_stat,p_value,mean_diff,n_obs,nw_lags
static_vine,gas_vine,0.01,0.8780900886876583,0.37989483122005563,1.53726700889307e-06,4327,16
static_vine,gas_vine,0.05,0.1391177788499732,0.8893570793481802,3.6059323187532575e-07,4327,16
