model_a,model_b,alpha,dm_stat,p_value,mean_diff,n_obs,nw_lags
static_vine,gas_vine,0.01,0.7538707046493331,0.45092686298357765,1.6573655385622977e-06,4327,16
static_vine,gas_vine,0.05,-0.08113009338652213,0.9353384935033016,-2.449399188671857e-07,4327,16
