{
  "seed": 42,
  "train_days": 1000,
  "oos_days": 4327,
  "n_assets": 5,
  "assets": [
    "AGG",
    "EEM",
    "EFA",
    "GLD",
    "IEF"
  ],
  "alphas": [
    0.01,
    0.05
  ],
  "n_sim": 1000,
  "gas_update_every": 5,
  "determinism": {
    "determinism_mode": "strict",
    "numpy_seeded": true,
    "pyvinecopulib_seeded": true,
    "note": "Full determinism achieved via NumPy seeding and pyvinecopulib seeds parameter. Same seed produces identical simulations."
  },
  "methods": {
    "hs": {
      "0.01": {
        "method": "hs",
        "alpha": 0.01,
        "n_obs": 4327,
        "n_breaches": 53,
        "hit_rate": 0.012248671134735382,
        "expected_rate": 0.01,
        "kupiec_stat": 2.0623474153263714,
        "kupiec_pval": 0.15097743386456064,
        "chris_stat": 17.121392451884162,
        "chris_pval": 3.5065114603161085e-05,
        "es_shortfall_ratio": 1.1692781909483343,
        "pinball_loss": 0.000237738839359154
      },
      "0.05": {
        "method": "hs",
        "alpha": 0.05,
        "n_obs": 4327,
        "n_breaches": 220,
        "hit_rate": 0.05084354055927895,
        "expected_rate": 0.05,
        "kupiec_stat": 0.064476991154379,
        "kupiec_pval": 0.7995548915867833,
        "chris_stat": 2.9357017983356855,
        "chris_pval": 0.0866410022154227,
        "es_shortfall_ratio": 1.0043531410699436,
        "pinball_loss": 0.0007033534549560524
      }
    },
    "ewma": {
      "0.01": {
        "method": "ewma",
        "alpha": 0.01,
        "n_obs": 4327,
        "n_breaches": 73,
        "hit_rate": 0.016870811185578923,
        "expected_rate": 0.01,
        "kupiec_stat": 17.10479502499686,
        "kupiec_pval": 3.537288502564184e-05,
        "chris_stat": 10.116108240140647,
        "chris_pval": 0.0014697902710896216,
        "es_shortfall_ratio": 1.188151860896485,
        "pinball_loss": 0.00020971574261366608
      },
      "0.05": {
        "method": "ewma",
        "alpha": 0.05,
        "n_obs": 4327,
        "n_breaches": 206,
        "hit_rate": 0.04760804252368847,
        "expected_rate": 0.05,
        "kupiec_stat": 0.5292631761233224,
        "kupiec_pval": 0.4669168003315316,
        "chris_stat": 9.2180861157467,
        "chris_pval": 0.002396359231630951,
        "es_shortfall_ratio": 1.1356460177304415,
        "pinball_loss": 0.0006654717934118724
      }
    },
    "dcc": {
      "0.01": {
        "method": "dcc",
        "alpha": 0.01,
        "n_obs": 4327,
        "n_breaches": 62,
        "hit_rate": 0.014328634157614976,
        "expected_rate": 0.01,
        "kupiec_stat": 7.221692899227946,
        "kupiec_pval": 0.007202774657064537,
        "chris_stat": 9.622915476771482,
        "chris_pval": 0.0019216443366499858,
        "es_shortfall_ratio": 1.100995069505461,
        "pinball_loss": 0.00019389673209865114
      },
      "0.05": {
        "method": "dcc",
        "alpha": 0.05,
        "n_obs": 4327,
        "n_breaches": 180,
        "hit_rate": 0.041599260457591866,
        "expected_rate": 0.05,
        "kupiec_stat": 6.801873827590498,
        "kupiec_pval": 0.00910622521029103,
        "chris_stat": 3.679975267097234,
        "chris_pval": 0.05506966700935367,
        "es_shortfall_ratio": 1.0850090631945912,
        "pinball_loss": 0.0006540160301393696
      }
    },
    "static_vine": {
      "0.01": {
        "method": "static_vine",
        "alpha": 0.01,
        "n_obs": 4327,
        "n_breaches": 49,
        "hit_rate": 0.011324243124566674,
        "expected_rate": 0.01,
        "kupiec_stat": 0.73502087803422,
        "kupiec_pval": 0.3912605518798894,
        "chris_stat": 2.3252195272435756,
        "chris_pval": 0.12729226126853543,
        "es_shortfall_ratio": 1.058613339933841,
        "pinball_loss": 0.00019474750478859712
      },
      "0.05": {
        "method": "static_vine",
        "alpha": 0.05,
        "n_obs": 4327,
        "n_breaches": 188,
        "hit_rate": 0.04344811647792928,
        "expected_rate": 0.05,
        "kupiec_stat": 4.083804610359039,
        "kupiec_pval": 0.043296066600885585,
        "chris_stat": 3.8110239380278017,
        "chris_pval": 0.050916315422511516,
        "es_shortfall_ratio": 1.0230709590242,
        "pinball_loss": 0.0006570727883849585
      }
    },
    "gas_vine": {
      "0.01": {
        "method": "gas_vine",
        "alpha": 0.01,
        "n_obs": 4327,
        "n_breaches": 58,
        "hit_rate": 0.013404206147446267,
        "expected_rate": 0.01,
        "kupiec_stat": 4.576789548525312,
        "kupiec_pval": 0.03240787924101929,
        "chris_stat": 3.8320749001629792,
        "chris_pval": 0.05028065257498526,
        "es_shortfall_ratio": 1.0615147960362226,
        "pinball_loss": 0.0001930901392500348
      },
      "0.05": {
        "method": "gas_vine",
        "alpha": 0.05,
        "n_obs": 4327,
        "n_breaches": 244,
        "hit_rate": 0.056390108620291195,
        "expected_rate": 0.05,
        "kupiec_stat": 3.578534415671129,
        "kupiec_pval": 0.05853076864381834,
        "chris_stat": 0.8023215467640057,
        "chris_pval": 0.37040017038905904,
        "es_shortfall_ratio": 1.027983601139669,
        "pinball_loss": 0.0006573177283038256
      }
    }
  }
}