{
  "passed": true,
  "checks": [
    {
      "method": "static_vine",
      "alpha": 0.01,
      "vine_median_var": -0.013111222937429914,
      "hs_median_var": -0.013185235335625156,
      "ratio": 0.9943867214872328,
      "threshold": 2.0,
      "passed": true
    },
    {
      "method": "gas_vine",
      "alpha": 0.01,
      "vine_median_var": -0.012295407627835365,
      "hs_median_var": -0.013185235335625156,
      "ratio": 0.9325133237944135,
      "threshold": 2.0,
      "passed": true
    }
  ]
}