{
  "passed": true,
  "checks": [
    {
      "method": "static_vine",
      "alpha": 0.01,
      "vine_median_var": -0.013201083951664399,
      "hs_median_var": -0.013185235335625156,
      "ratio": 1.0012019972064072,
      "threshold": 2.0,
      "passed": true
    },
    {
      "method": "gas_vine",
      "alpha": 0.01,
      "vine_median_var": -0.013221324100978754,
      "hs_median_var": -0.013185235335625156,
      "ratio": 1.0027370588719102,
      "threshold": 2.0,
      "passed": true
    }
  ]
}